{
    "loss": 2.7658777236938477,
    "accuracy": 0.7529761791229248
}